country_name,ladder_score,standard_error_of_ladder_score,upperwhisker,lowerwhisker,logged_gdp_per_capita,social_support,healthy_life_expectancy,freedom_to_make_life_choices,generosity,perceptions_of_corruption,ladder_score_in_dystopia,explained_by_log_gdp_per_capita,explained_by_social_support,explained_by_healthy_life_expectancy,explained_by_freedom_to_make_life_choices,explained_by_generosity,explained_by_perceptions_of_corruption,dystopia_+_residual,is_saarc,region
Finland,7.804200172424316,0.0361623615026474,7.875078201293945,7.7333221435546875,10.792010307312012,0.9687696099281311,71.14999389648438,0.9614078998565674,-0.01882416568696499,0.1817445605993271,1.777825117111206,1.8883804082870483,1.584899663925171,0.5345736742019653,0.7715099453926086,0.12633119523525238,0.5352985858917236,2.363241195678711,0,Western Europe
Denmark,7.586400032043457,0.04102794826030731,7.666814804077148,7.505985260009766,10.962163925170898,0.9541122317314148,71.2501449584961,0.9335328340530396,0.13424216210842133,0.19581389427185059,1.777825117111206,1.949405550956726,1.5478748083114624,0.5373024940490723,0.7344158887863159,0.20845851302146912,0.5252211689949036,2.0837655067443848,0,Western Europe
Iceland,7.529600143432617,0.04861151799559593,7.624878883361816,7.434321403503418,10.895530700683594,0.9825330972671509,72.05001831054688,0.9363492131233215,0.21098653972148895,0.6678478121757507,1.777825117111206,1.925507664680481,1.6196664571762085,0.5590963959693909,0.7381637096405029,0.2496354877948761,0.1871187835931778,2.250382423400879,0,Western Europe
Israel,7.472899913787842,0.031608857214450836,7.534853458404541,7.410946369171143,10.638705253601074,0.943343997001648,72.69720458984375,0.8088658452033997,-0.023080050945281982,0.7080935835838318,1.777825117111206,1.8333979845046997,1.5206738710403442,0.5767300128936768,0.5685182809829712,0.12404771149158478,0.15829205513000488,2.6912899017333984,0,Middle East and Northern Africa
Netherlands,7.4029998779296875,0.02929418534040451,7.460416316986084,7.345583438873291,10.942278861999512,0.9304993152618408,71.55001831054688,0.8868750929832458,0.21268615126609802,0.3789292871952057,1.777825117111206,1.9422738552093506,1.4882279634475708,0.545473039150238,0.6723272204399109,0.2505474090576172,0.3940616548061371,2.110043525695801,0,Western Europe
Sweden,7.395199775695801,0.0373615100979805,7.468428134918213,7.321971416473389,10.88282299041748,0.9392486810684204,72.15015411376953,0.9479710459709167,0.16478857398033142,0.20244838297367096,1.777825117111206,1.920950174331665,1.510329008102417,0.5618247389793396,0.753629207611084,0.22484809160232544,0.5204691290855408,1.9031271934509277,0,Western Europe
Norway,7.315499782562256,0.04414277896285057,7.402019500732422,7.22898006439209,11.087730407714844,0.9434765577316284,71.5000228881836,0.9466164112091064,0.14063605666160583,0.28274470567703247,1.777825117111206,1.9944396018981934,1.5210087299346924,0.5441108345985413,0.7518265247344971,0.2118891179561615,0.4629554748535156,1.829270362854004,0,Western Europe
Switzerland,7.240099906921387,0.04278871417045593,7.323965549468994,7.156234264373779,11.164027214050293,0.9204392433166504,72.89995574951172,0.8910744190216064,0.026686418801546097,0.26634758710861206,1.777825117111206,2.021803140640259,1.4628159999847412,0.5822543501853943,0.6779153347015381,0.15074977278709412,0.4747002124786377,1.8698468208312988,0,Western Europe
Luxembourg,7.22790002822876,0.06908052414655685,7.363297939300537,7.092502117156982,11.65994930267334,0.878500759601593,71.67500305175781,0.9149384498596191,0.023949623107910156,0.34497830271720886,1.777825117111206,2.199664354324341,1.3568785190582275,0.5488784313201904,0.7096718549728394,0.1492813527584076,0.4183795750141144,1.8451805114746094,0,Western Europe
New Zealand,7.122900009155273,0.03822679817676544,7.197824478149414,7.047975540161133,10.661865234375,0.9523983597755432,70.35005187988281,0.8865742683410645,0.17482823133468628,0.27120545506477356,1.777825117111206,1.841704249382019,1.5435456037521362,0.5127779245376587,0.6719269156455994,0.23023483157157898,0.4712207019329071,1.8515191078186035,0,Australia and New Zealand
Austria,7.097300052642822,0.04040108621120453,7.176486015319824,7.01811408996582,10.898905754089355,0.8884358406066895,71.1500473022461,0.8547372817993164,0.10160446912050247,0.4967743754386902,1.777825117111206,1.9267181158065796,1.381974697113037,0.5345751643180847,0.6295605897903442,0.19094683229923248,0.30965307354927063,2.1238961219787598,0,Western Europe
Australia,7.094600200653076,0.04354966804385185,7.179957389831543,7.009243011474609,10.821048736572266,0.9338704347610474,71.04994201660156,0.890199601650238,0.19756107032299042,0.4959157407283783,1.777825117111206,1.8987950086593628,1.4967434406280518,0.5318475961685181,0.6767511963844299,0.24243208765983582,0.3102680742740631,1.9377427101135254,0,Australia and New Zealand
Canada,6.960700035095215,0.041662633419036865,7.042358875274658,6.8790411949157715,10.772655487060547,0.9287933111190796,71.40003967285156,0.8744681477546692,0.15254651010036469,0.42021140456199646,1.777825117111206,1.8814388513565063,1.48391854763031,0.541386604309082,0.6558169722557068,0.2182796448469162,0.36449259519577026,1.8153767585754395,0,North America
Ireland,6.910799980163574,0.04353392496705055,6.996126651763916,6.825473308563232,11.527361869812012,0.905368447303772,71.29995727539062,0.8743810653686523,0.09165952354669571,0.3579522371292114,1.777825117111206,2.1521122455596924,1.4247467517852783,0.5386596918106079,0.6557011008262634,0.18561090528964996,0.40908679366111755,1.544905185699463,0,Western Europe
United States,6.893700122833252,0.04692301154136658,6.985669136047363,6.801731109619141,11.048249244689941,0.9191621541976929,65.85025024414062,0.8004881143569946,0.1365049034357071,0.6885946989059448,1.777825117111206,1.980279803276062,1.459589958190918,0.3901733458042145,0.5573698282241821,0.20967255532741547,0.17225846648216248,2.1243481636047363,0,North America
Germany,6.8917999267578125,0.04948626086115837,6.988792896270752,6.794806957244873,10.878609657287598,0.8959547877311707,71.29983520507812,0.845851480960846,0.03003772906959057,0.4195641279220581,1.777825117111206,1.9194389581680298,1.4009678363800049,0.5386563539505005,0.6177360415458679,0.1525479108095169,0.36495622992515564,1.8975253105163574,0,Western Europe
Belgium,6.859099864959717,0.03394344076514244,6.925629138946533,6.7925705909729,10.843586921691895,0.9148709774017334,70.89908599853516,0.8252285122871399,0.0014193850802257657,0.5485734343528748,1.777825117111206,1.9068782329559326,1.448750376701355,0.5277373194694519,0.5902925133705139,0.13719281554222107,0.2725510895252228,1.9757428169250488,0,Western Europe
Czechia,6.845200061798096,0.043817318975925446,6.931081771850586,6.7593183517456055,10.6110200881958,0.9525779485702515,69.04974365234375,0.9025148749351501,0.039763081818819046,0.8589491844177246,1.777825117111206,1.823468804359436,1.5439990758895874,0.47734886407852173,0.6931394934654236,0.15776601433753967,0.05023914948105812,2.0992393493652344,0,
United Kingdom,6.795599937438965,0.04152262583374977,6.876984119415283,6.7142157554626465,10.704244613647461,0.8822047114372253,70.30000305175781,0.8521915674209595,0.2533075213432312,0.4540797472000122,1.777825117111206,1.8569034337997437,1.3662347793579102,0.5114142894744873,0.6261729598045349,0.2723426818847656,0.34023383259773254,1.8223381042480469,0,Western Europe
Lithuania,6.763000011444092,0.04403510317206383,6.849308967590332,6.676691055297852,10.567838668823242,0.9393466114997864,67.3969955444336,0.7478520274162292,-0.1452128291130066,0.8050867319107056,1.777825117111206,1.8079818487167358,1.5105764865875244,0.43231698870658875,0.48732560873031616,0.05851771682500839,0.08881905674934387,2.377429485321045,0,Central and Eastern Europe
France,6.661300182342529,0.03760574012994766,6.735007286071777,6.587593078613281,10.700735092163086,0.9088037610054016,72.30005645751953,0.818730354309082,-0.10028985142707825,0.5526185035705566,1.777825117111206,1.8556448221206665,1.4334245920181274,0.5659090876579285,0.5816452503204346,0.0826210081577301,0.2696537375450134,1.872446060180664,0,Western Europe
Slovenia,6.649899959564209,0.05083716660737991,6.74954080581665,6.550259113311768,10.58829116821289,0.9505247473716736,71.05184936523438,0.9132804870605469,0.014400637708604336,0.7712460160255432,1.777825117111206,1.815317153930664,1.5388127565383911,0.5318995714187622,0.7074655294418335,0.14415787160396576,0.11305804550647736,1.7991509437561035,0,Central and Eastern Europe
Costa Rica,6.608500003814697,0.05160551518201828,6.709646701812744,6.50735330581665,9.951566696166992,0.8716379404067993,70.0,0.8950209617614746,-0.06980490684509277,0.767810046672821,1.777825117111206,1.5869576930999756,1.3395427465438843,0.503240168094635,0.6831671595573425,0.09897762537002563,0.11551912128925323,2.2810611724853516,0,Latin America and Caribbean
Romania,6.589099884033203,0.051587723195552826,6.690211772918701,6.487987995147705,10.339055061340332,0.8479619026184082,67.05085754394531,0.8558145761489868,-0.17174836993217468,0.9290894269943237,1.777825117111206,1.7259292602539062,1.2797365188598633,0.4228858947753906,0.6309942007064819,0.044280145317316055,0.0,2.4853105545043945,0,Central and Eastern Europe
Singapore,6.586699962615967,0.06791964918375015,6.719822406768799,6.453577518463135,11.571497917175293,0.8775396943092346,73.80000305175781,0.8776695728302002,0.06273898482322693,0.1461123824119568,1.777825117111206,2.1679413318634033,1.3544509410858154,0.6067776083946228,0.6600772142410278,0.17009367048740387,0.5608206987380981,1.0665555000305176,0,Southeastern Asia
United Arab Emirates,6.571199893951416,0.04326041787862778,6.655990123748779,6.486409664154053,11.145174026489258,0.825512707233429,66.24315643310547,0.9417835474014282,0.0956914871931076,0.5837928652763367,1.777825117111206,2.0150415897369385,1.2230294942855835,0.4008787274360657,0.745395302772522,0.18777425587177277,0.24732458591461182,1.751781940460205,0,Middle East and Northern Africa
Taiwan Province of China,6.535399913787842,0.04687139391899109,6.627267837524414,6.4435319900512695,10.797459602355957,0.88442462682724,69.5999984741211,0.8039209842681885,-0.1289578080177307,0.6809817552566528,1.777825117111206,1.8903347253799438,1.371842384338379,0.4923414885997772,0.5619380474090576,0.06723929941654205,0.1777113676071167,1.9740161895751953,0,
Uruguay,6.493899822235107,0.04567335918545723,6.5834197998046875,6.404379844665527,10.03650951385498,0.9132089614868164,67.5,0.8952000141143799,-0.0646173283457756,0.574579119682312,1.777825117111206,1.617422103881836,1.4445520639419556,0.4351235330104828,0.6834053993225098,0.10176099836826324,0.25392407178878784,1.9577207565307617,0,Latin America and Caribbean
Slovakia,6.468599796295166,0.05562767758965492,6.577630043029785,6.359569549560547,10.353433609008789,0.9525606036186218,68.83783721923828,0.7532278895378113,-0.016442598775029182,0.897835910320282,1.777825117111206,1.7310861349105835,1.5439553260803223,0.47157514095306396,0.4944794178009033,0.1276090145111084,0.022385867312550545,2.0775585174560547,0,Central and Eastern Europe
Saudi Arabia,6.462600231170654,0.06063041090965271,6.581435680389404,6.343764781951904,10.71545124053955,0.8838691711425781,64.39929962158203,0.8938149809837341,-0.08065205812454224,0.6913089752197266,1.777825117111206,1.8609226942062378,1.3704391717910767,0.3506397604942322,0.6815623044967651,0.09315761178731918,0.17031432688236237,1.9355592727661133,0,Middle East and Northern Africa
Estonia,6.4552001953125,0.04005970060825348,6.533717155456543,6.376683235168457,10.541337966918945,0.945625901222229,69.6501693725586,0.9287907481193542,0.03176429495215416,0.40946701169013977,1.777825117111206,1.7984774112701416,1.5264379978179932,0.4937084913253784,0.7281054854393005,0.15347428619861603,0.3721884787082672,1.3828096389770508,0,Central and Eastern Europe
Spain,6.436200141906738,0.04215528070926666,6.518824577331543,6.353575706481934,10.540300369262695,0.9317399263381958,72.3499755859375,0.782114565372467,-0.06592799723148346,0.7105185389518738,1.777825117111206,1.7981053590774536,1.4913617372512817,0.5672692060470581,0.5329196453094482,0.10105776786804199,0.1565551459789276,1.7889785766601562,0,Western Europe
Italy,6.4045000076293945,0.054324597120285034,6.510976314544678,6.298023700714111,10.634051322937012,0.881569504737854,72.05000305175781,0.7105135917663574,-0.07354280352592468,0.8417539000511169,1.777825117111206,1.8317288160324097,1.364630103111267,0.5590959787368774,0.43763837218284607,0.09697206318378448,0.06255556643009186,2.0519046783447266,0,Western Europe
Kosovo,6.367599964141846,0.06012704223394394,6.485448837280273,6.249751091003418,9.359097480773926,0.8437927961349487,65.19499206542969,0.861473560333252,0.2587166726589203,0.8661229014396667,1.777825117111206,1.3744702339172363,1.2692053318023682,0.3723197281360626,0.6385247111320496,0.27524492144584656,0.045100852847099304,2.392719030380249,0,Central and Eastern Europe
Chile,6.333799839019775,0.04615228250622749,6.424258232116699,6.243341445922852,10.113971710205078,0.8891310691833496,70.2998275756836,0.7922620177268982,-0.01102911215275526,0.8227498531341553,1.777825117111206,1.645203709602356,1.3837307691574097,0.5114095211029053,0.5464231371879578,0.13051360845565796,0.07616753876209259,2.0403213500976562,0,Latin America and Caribbean
Mexico,6.329500198364258,0.05706251040101051,6.441342830657959,6.217657566070557,9.849601745605469,0.8040080666542053,65.80000305175781,0.8562236428260803,-0.09356047213077545,0.7683507204055786,1.777825117111206,1.550388216972351,1.168708324432373,0.38880425691604614,0.6315385103225708,0.08623164147138596,0.11513185501098633,2.3887288570404053,0,Latin America and Caribbean
Malta,6.299900054931641,0.04470139369368553,6.387514591217041,6.21228551864624,10.660865783691406,0.9226775169372559,71.60003662109375,0.8856375217437744,0.11931498348712921,0.7288661599159241,1.777825117111206,1.8413457870483398,1.4684698581695557,0.5468358397483826,0.6706803441047668,0.20044934749603271,0.14341334998607635,1.4286656379699707,0,Western Europe
Panama,6.264500141143799,0.08140499889850616,6.424054145812988,6.104946136474609,10.305059432983398,0.8963010907173157,68.95027160644531,0.8550963401794434,-0.1333904266357422,0.8782973885536194,1.777825117111206,1.713736891746521,1.4018425941467285,0.47463858127593994,0.6300383806228638,0.0648609921336174,0.036380667239427567,1.9430456161499023,0,Latin America and Caribbean
Poland,6.259699821472168,0.042286425828933716,6.342581272125244,6.176818370819092,10.45294189453125,0.9250565767288208,69.04891967773438,0.7654918432235718,-0.030951187014579773,0.7355665564537048,1.777825117111206,1.7667744159698486,1.4744794368743896,0.4773264229297638,0.5107993483543396,0.11982447654008865,0.13861407339572906,1.7718477249145508,0,Central and Eastern Europe
Nicaragua,6.258800029754639,0.07631693035364151,6.40838098526001,6.109219074249268,8.617688179016113,0.8528122305870056,65.64956665039062,0.8774302005767822,0.020930536091327667,0.6250089406967163,1.777825117111206,1.1085658073425293,1.291988730430603,0.3847053647041321,0.6597586274147034,0.1476614624261856,0.21780285239219666,2.4483234882354736,0,Latin America and Caribbean
Latvia,6.212699890136719,0.041842807084321976,6.294711589813232,6.130688190460205,10.370321273803711,0.9371284246444702,66.4003677368164,0.8176073431968689,-0.05558248236775398,0.8302519917488098,1.777825117111206,1.73714280128479,1.5049731731414795,0.4051622152328491,0.580150842666626,0.10660862177610397,0.0707940086722374,1.8078765869140625,0,Central and Eastern Europe
Bahrain,6.1732001304626465,0.09994478523731232,6.369091987609863,5.97730827331543,10.775781631469727,0.8438454270362854,65.82499694824219,0.9439725875854492,0.11702514439821243,0.736698567867279,1.777825117111206,1.8825600147247314,1.2693383693695068,0.38948526978492737,0.7483083009719849,0.19922074675559998,0.13780325651168823,1.546459674835205,0,Middle East and Northern Africa
Guatemala,6.150300025939941,0.1079569160938263,6.361895561218262,5.938704490661621,9.11570930480957,0.8117339015007019,62.900001525878906,0.8559675216674805,-0.05726039409637451,0.8365757465362549,1.777825117111206,1.287179708480835,1.188223958015442,0.30978888273239136,0.6311976909637451,0.10570834577083588,0.06626451015472412,2.5619683265686035,0,Latin America and Caribbean
Kazakhstan,6.143899917602539,0.04839098080992699,6.238746166229248,6.04905366897583,10.16606616973877,0.9314469695091248,65.8017349243164,0.8532366156578064,-0.00048266377416439354,0.7214602828025818,1.777825117111206,1.6638872623443604,1.4906219244003296,0.38885146379470825,0.6275635957717896,0.13617226481437683,0.1487179398536682,1.688058853149414,0,Central and Eastern Europe
Serbia,6.143599987030029,0.07927490770816803,6.298978805541992,5.988221168518066,9.85398006439209,0.8730476498603821,67.08761596679688,0.8450360298156738,0.20399533212184906,0.816429853439331,1.777825117111206,1.551958441734314,1.3431038856506348,0.4238874316215515,0.6166508793830872,0.24588437378406525,0.08069434762001038,1.8814105987548828,0,Central and Eastern Europe
Cyprus,6.130000114440918,0.0539054311811924,6.235654830932617,6.024345397949219,10.6112060546875,0.8260807394981384,72.80194091796875,0.7238736748695374,-0.06002657115459442,0.8597859740257263,1.777825117111206,1.823535442352295,1.2244642972946167,0.5795837640762329,0.4554170072078705,0.10422416031360626,0.04963978752493858,1.893101692199707,0,Western Europe
Japan,6.129000186920166,0.041703928261995316,6.210740089416504,6.047260284423828,10.615657806396484,0.8941164612770081,74.3494644165039,0.7994951009750366,-0.2369365394115448,0.6399160623550415,1.777825117111206,1.825132131576538,1.3963241577148438,0.6217486262321472,0.5560483932495117,0.009303618222475052,0.20712538063526154,1.5133357048034668,0,Eastern Asia
Croatia,6.125,0.05713227018713951,6.2369794845581055,6.0130205154418945,10.340739250183105,0.9171806573867798,68.94998168945312,0.7571233510971069,-0.09264640510082245,0.9252828359603882,1.777825117111206,1.72653329372406,1.4545847177505493,0.4746306836605072,0.49966320395469666,0.08672208338975906,0.002726536011323333,1.8801097869873047,0,Central and Eastern Europe
Brazil,6.124599933624268,0.06485765427350998,6.251720905303955,5.99747896194458,9.58218765258789,0.836276650428772,65.74871063232422,0.8013285398483276,-0.009369962848722935,0.7376851439476013,1.777825117111206,1.4544808864593506,1.250219464302063,0.38740670680999756,0.5584881901741028,0.1314038187265396,0.1370965987443924,2.205469846725464,0,Latin America and Caribbean
El Salvador,6.121600151062012,0.06926076114177704,6.257351398468018,5.985848903656006,9.089116096496582,0.7547428011894226,65.59691619873047,0.9175320863723755,-0.10790495574474335,0.6196134686470032,1.777825117111206,1.2776421308517456,1.0442631244659424,0.38327082991600037,0.7131232619285583,0.07853514701128006,0.22166745364665985,2.403146743774414,0,Latin America and Caribbean
Hungary,6.041200160980225,0.055141061544418335,6.1492767333984375,5.933123588562012,10.418682098388672,0.9426373243331909,67.50045013427734,0.7578166723251343,-0.0591716542840004,0.8388599753379822,1.777825117111206,1.7544872760772705,1.5188888311386108,0.43513578176498413,0.5005857944488525,0.10468287020921707,0.06462839245796204,1.6627883911132812,0,Central and Eastern Europe
Argentina,6.02370023727417,0.06289000809192657,6.1469645500183105,5.900435924530029,9.95878791809082,0.8908900618553162,67.20008087158203,0.8226782083511353,-0.08947993069887161,0.8140133619308472,1.777825117111206,1.5895475149154663,1.3881741762161255,0.42695173621177673,0.5868987441062927,0.0884210467338562,0.08242520689964294,1.8612570762634277,0,Latin America and Caribbean
Honduras,6.022500038146973,0.08867204189300537,6.1962971687316895,5.848702907562256,8.635234832763672,0.7655693888664246,64.0630111694336,0.8426064848899841,0.09735216200351715,0.8429010510444641,1.777825117111206,1.114858865737915,1.0716112852096558,0.34147703647613525,0.6134178042411804,0.1886652708053589,0.061733901500701904,2.630737781524658,0,Latin America and Caribbean
Uzbekistan,6.0142998695373535,0.05890003591775894,6.129744052886963,5.898855686187744,8.948406219482422,0.874754011631012,65.3005142211914,0.9379149079322815,0.22953176498413086,0.6381723880767822,1.777825117111206,1.2271769046783447,1.3474141359329224,0.37519484758377075,0.7402471899986267,0.2595858573913574,0.20837432146072388,1.8563084602355957,0,Central and Eastern Europe
Malaysia,6.01230001449585,0.07875396311283112,6.1666579246521,5.8579421043396,10.169085502624512,0.7986076474189758,65.66233825683594,0.876727819442749,0.1595873385667801,0.7584688663482666,1.777825117111206,1.6649701595306396,1.155066728591919,0.3850533664226532,0.6588239669799805,0.22205737233161926,0.12220989912748337,1.8040881156921387,0,Southeastern Asia
Portugal,5.9679999351501465,0.054870858788490295,6.075546741485596,5.860453128814697,10.4286527633667,0.877972424030304,71.25039672851562,0.9024332165718079,-0.1960751861333847,0.8780763149261475,1.777825117111206,1.7580631971359253,1.3555439710617065,0.5373093485832214,0.693030834197998,0.031227661296725273,0.03653901442885399,1.5563263893127441,0,Western Europe
South Korea,5.951099872589111,0.04544735327363014,6.040176868438721,5.862022876739502,10.69267463684082,0.8116115927696228,73.65018463134766,0.7168270945549011,-0.046214234083890915,0.7011785507202148,1.777825117111206,1.85275399684906,1.1879149675369263,0.6026955842971802,0.44603991508483887,0.11163512617349625,0.1632450670003891,1.586768627166748,0,Eastern Asia
Greece,5.9309000968933105,0.047642264515161514,6.0242791175842285,5.837521076202393,10.288155555725098,0.8349514007568359,71.14976501464844,0.5679218173027039,-0.23956792056560516,0.7932218313217163,1.777825117111206,1.707674264907837,1.246871829032898,0.5345674753189087,0.24788780510425568,0.007891758345067501,0.09731749445199966,2.088672399520874,0,Western Europe
Mauritius,5.902299880981445,0.05659676343202591,6.0132293701171875,5.791370391845703,9.95720100402832,0.888333261013031,63.85012435913086,0.8129426836967468,-0.028224512934684753,0.7749056816101074,1.777825117111206,1.5889784097671509,1.3817156553268433,0.3356765806674957,0.5739434361457825,0.12128746509552002,0.11043675243854523,1.790236473083496,0,Sub-Saharan Africa
Thailand,5.8429999351501465,0.06417921185493469,5.9687910079956055,5.7172088623046875,9.751472473144531,0.8735074400901794,68.44964599609375,0.8503376245498657,0.288653165102005,0.9103906750679016,1.777825117111206,1.5151944160461426,1.344265341758728,0.46099820733070374,0.6237058639526367,0.2913073003292084,0.013393301516771317,1.5941057205200195,0,Southeastern Asia
Mongolia,5.840199947357178,0.04591257497668266,5.9301886558532715,5.750211238861084,9.372422218322754,0.9328268766403198,60.49993133544922,0.7011629343032837,0.1904609650373459,0.8487215042114258,1.777825117111206,1.379249095916748,1.4941073656082153,0.24439497292041779,0.42519521713256836,0.2386225461959839,0.05756490305066109,2.0010533332824707,0,Eastern Asia
Kyrgyzstan,5.825300216674805,0.04486774280667305,5.913240909576416,5.737359523773193,8.485833168029785,0.911150336265564,66.85247039794922,0.9342929720878601,0.18135109543800354,0.9037905335426331,1.777825117111206,1.0612764358520508,1.4393519163131714,0.4174804985523224,0.7354274392127991,0.23373466730117798,0.018120765686035156,1.9199013710021973,0,Central and Eastern Europe
Moldova,5.819200038909912,0.05221981182694435,5.921550750732422,5.716849327087402,9.498775482177734,0.8566350340843201,65.29906463623047,0.8397157788276672,-0.08008436858654022,0.900856614112854,1.777825117111206,1.424565315246582,1.301645278930664,0.37515535950660706,0.609571099281311,0.09346220642328262,0.020222235471010208,1.994591474533081,0,Central and Eastern Europe
China,5.81790018081665,0.044474463909864426,5.9050703048706055,5.730730056762695,9.738065719604492,0.8356984853744507,68.68879699707031,0.8818911910057068,-0.04078250378370285,0.7272279858589172,1.777825117111206,1.5103861093521118,1.2487590312957764,0.4675142765045166,0.6656950116157532,0.11454950273036957,0.1445867121219635,1.6664276123046875,0,Eastern Asia
Vietnam,5.763299942016602,0.051804810762405396,5.864837169647217,5.661762714385986,9.286938667297363,0.8211429715156555,65.5024185180664,0.9386405944824219,-0.003642743919044733,0.7588440775871277,1.777825117111206,1.3485907316207886,1.2119914293289185,0.3806960880756378,0.7412129044532776,0.13447675108909607,0.12194114923477173,1.8244390487670898,0,Southeastern Asia
Paraguay,5.737800121307373,0.05750346928834915,5.850506782531738,5.625093460083008,9.509722709655762,0.9060643315315247,65.89987182617188,0.8908432126045227,0.020743167027831078,0.8425903916358948,1.777825117111206,1.4284915924072266,1.4265047311782837,0.39152535796165466,0.6776077151298523,0.14756092429161072,0.06195641681551933,1.6041193008422852,0,Latin America and Caribbean
Montenegro,5.7221999168396,0.1118156835436821,5.94135856628418,5.5030412673950195,9.812590599060059,0.8896059989929199,67.0999984741211,0.8049980401992798,0.06348329037427902,0.8444382548332214,1.777825117111206,1.5371142625808716,1.3849304914474487,0.4242248237133026,0.5633713006973267,0.17049303650856018,0.0606328509747982,1.5813961029052734,0,Central and Eastern Europe
Jamaica,5.702700138092041,0.08850633352994919,5.8761725425720215,5.5292277336120605,9.16460132598877,0.8673140406608582,66.5999984741211,0.8223790526390076,-0.10625693202018738,0.8750672340393066,1.777825117111206,1.3047146797180176,1.3286206722259521,0.4106014668941498,0.5865006446838379,0.07941938936710358,0.03869432210922241,1.9541537761688232,0,Latin America and Caribbean
Bolivia,5.684299945831299,0.057363249361515045,5.796731948852539,5.571867942810059,8.984602928161621,0.8113415241241455,63.598941802978516,0.8683634400367737,-0.06271975487470627,0.8457956910133362,1.777825117111206,1.2401587963104248,1.1872327327728271,0.3288326859474182,0.6476932764053345,0.10277913510799408,0.05966056510806084,2.1179699897766113,0,Latin America and Caribbean
Russia,5.660699844360352,0.037181656807661057,5.733575820922852,5.587823867797852,10.209748268127441,0.8886616826057434,64.947265625,0.7193708419799805,-0.030358081683516502,0.8014196753501892,1.777825117111206,1.679553747177124,1.3825452327728271,0.3655700087547302,0.44942495226860046,0.12014270573854446,0.09144564718008041,1.5719919204711914,0,Central and Eastern Europe
Bosnia and Herzegovina,5.632500171661377,0.07267041504383087,5.7749342918396,5.490066051483154,9.615763664245605,0.8803004622459412,67.27503204345703,0.7461434006690979,0.2064070999622345,0.9175378084182739,1.777825117111206,1.4665228128433228,1.3614246845245361,0.42899391055107117,0.4850519001483917,0.24717839062213898,0.008274044841527939,1.6350252628326416,0,Central and Eastern Europe
Colombia,5.63040018081665,0.059627946466207504,5.7472710609436035,5.513529300689697,9.584429740905762,0.8216689825057983,69.34968566894531,0.8042616844177246,-0.10431458801031113,0.83354651927948,1.777825117111206,1.4552850723266602,1.2133201360702515,0.4855212867259979,0.5623914003372192,0.0804615467786789,0.06843424588441849,1.7649869918823242,0,Latin America and Caribbean
Dominican Republic,5.568900108337402,0.0727870836853981,5.711562633514404,5.4262375831604,9.810591697692871,0.8270636200904846,64.39896392822266,0.8500227928161621,-0.09879419952630997,0.6567947268486023,1.777825117111206,1.5363973379135132,1.2269470691680908,0.35063061118125916,0.6232869029045105,0.08342350274324417,0.19503574073314667,1.553220272064209,0,Latin America and Caribbean
Ecuador,5.558899879455566,0.06260566413402557,5.681606769561768,5.436192989349365,9.270211219787598,0.8057536482810974,69.0002212524414,0.8022295236587524,-0.10767285525798798,0.8325657844543457,1.777825117111206,1.342591404914856,1.1731176376342773,0.4759995639324188,0.5596871376037598,0.07865968346595764,0.06913671642541885,1.8597559928894043,0,Latin America and Caribbean
Peru,5.525899887084961,0.05799386277794838,5.639567852020264,5.412231922149658,9.401518821716309,0.7979649901390076,69.84983825683594,0.7943701148033142,-0.11885213851928711,0.8917118310928345,1.777825117111206,1.3896845579147339,1.1534433364868164,0.49914878606796265,0.5492284297943115,0.07266146689653397,0.02677234448492527,1.835005760192871,0,Latin America and Caribbean
Philippines,5.522900104522705,0.07747379690408707,5.67474889755249,5.37105131149292,8.978732109069824,0.7799321413040161,62.03751754760742,0.9185475707054138,-0.059889622032642365,0.7320905923843384,1.777825117111206,1.2380532026290894,1.1078919172286987,0.2862890660762787,0.714474618434906,0.10429764539003372,0.14110378921031952,1.9308080673217773,0,Southeastern Asia
Bulgaria,5.466100215911865,0.05903218314051628,5.581803321838379,5.350397109985352,10.086685180664062,0.9182446599006653,66.49977111816406,0.8005364537239075,-0.05682698264718056,0.9109797477722168,1.777825117111206,1.6354175806045532,1.4572725296020508,0.4078706204891205,0.5574341416358948,0.10594089329242706,0.012971367686986923,1.2891979217529297,0,Central and Eastern Europe
Nepal,5.360300064086914,0.074702188372612,5.506716251373291,5.213883876800537,8.256011962890625,0.7478566765785217,61.84700012207031,0.8079494833946228,0.14593517780303955,0.7833759188652039,1.777825117111206,0.9788516759872437,1.0268685817718506,0.2810980975627899,0.5672988295555115,0.2147323489189148,0.10436979681253433,2.1870367527008057,1,Southern Asia
Armenia,5.341700077056885,0.06570153683423996,5.470475196838379,5.212924957275391,9.614712715148926,0.7902310490608215,67.78897094726562,0.7956050634384155,-0.15531496703624725,0.7054339051246643,1.777825117111206,1.4661458730697632,1.1339071989059448,0.442997008562088,0.5508717894554138,0.0530974417924881,0.16019709408283234,1.5344746112823486,0,Central and Eastern Europe
Tajikistan,5.329800128936768,0.062441058456897736,5.452184677124023,5.207415580749512,8.236533164978027,0.8355719447135925,62.225528717041016,0.8320024609565735,-0.05975857377052307,0.5215774178504944,1.777825117111206,0.971865713596344,1.2484393119812012,0.29141175746917725,0.5993067622184753,0.10436795651912689,0.29188746213912964,1.8225278854370117,0,Central and Eastern Europe
Algeria,5.329100131988525,0.06213628873229027,5.450887203216553,5.207313060760498,9.300213813781738,0.8552190065383911,66.54923248291016,0.5712404251098633,-0.11737403273582458,0.7169064283370972,1.777825117111206,1.3533517122268677,1.2980681657791138,0.40921828150749207,0.25230395793914795,0.07345454394817352,0.1519797146320343,1.7906951904296875,0,Middle East and Northern Africa
Hong Kong S.A.R. of China,5.308499813079834,0.04801841452717781,5.402616024017334,5.214383602142334,10.966443061828613,0.8169247508049011,77.27977752685547,0.6873374581336975,-0.025891533121466637,0.3846096694469452,1.777825117111206,1.9509402513504028,1.201336145401001,0.7015898823738098,0.40679728984832764,0.122539222240448,0.38999292254447937,0.5352563858032227,0,
Albania,5.277299880981445,0.06571923196315765,5.406109809875488,5.148489952087402,9.567472457885742,0.7179091572761536,69.15007019042969,0.7943277955055237,-0.006932398770004511,0.8780936002731323,1.777825117111206,1.449203372001648,0.9512205123901367,0.4800824522972107,0.5491721034049988,0.13271169364452362,0.0365266352891922,1.678424596786499,0,Central and Eastern Europe
Indonesia,5.276899814605713,0.05894164368510246,5.392425537109375,5.161374092102051,9.38515567779541,0.803985059261322,63.04774475097656,0.8801135420799255,0.5313863158226013,0.8759906888008118,1.777825117111206,1.383815884590149,1.1686501502990723,0.3138144016265869,0.6633294224739075,0.4215450584888458,0.038032881915569305,1.287672519683838,0,Southeastern Asia
South Africa,5.274600028991699,0.0728382095694542,5.417362689971924,5.131837368011475,9.477535247802734,0.906631350517273,56.98897171020508,0.7300763726234436,-0.08662868291139603,0.9021425843238831,1.777825117111206,1.416947603225708,1.4279369115829468,0.1487330049276352,0.46367108821868896,0.08995087444782257,0.01930113695561886,1.708012580871582,0,Sub-Saharan Africa
Congo (Brazzaville),5.267099857330322,0.08811500668525696,5.439805507659912,5.094394207000732,8.095203399658203,0.6046052575111389,56.85004425048828,0.7300418019294739,-0.004339446779340506,0.7391861081123352,1.777825117111206,0.9211781620979309,0.6650123000144958,0.14494769275188446,0.46362507343292236,0.134102925658226,0.13602150976657867,2.8022170066833496,0,Sub-Saharan Africa
North Macedonia,5.253600120544434,0.054767560213804245,5.360944747924805,5.1462554931640625,9.703169822692871,0.8047484159469604,66.50035095214844,0.7689635753631592,0.13123969733715057,0.9017152786254883,1.777825117111206,1.4978708028793335,1.1705783605575562,0.40788641571998596,0.5154193043708801,0.20684754848480225,0.01960720308125019,1.4354314804077148,0,
Venezuela,5.210599899291992,0.0638950914144516,5.335834503173828,5.085365295410156,5.526723384857178,0.8388254046440125,64.04983520507812,0.6587069630622864,0.1283712387084961,0.8114349842071533,1.777825117111206,0.0,1.256657600402832,0.3411180377006531,0.36869797110557556,0.2053084671497345,0.08427201211452484,2.9545605182647705,0,Latin America and Caribbean
Laos,5.1107001304626465,0.08094397187232971,5.269350528717041,4.952049732208252,8.962409019470215,0.6789469718933105,60.945587158203125,0.9188553094863892,0.09098886698484421,0.7025218605995178,1.777825117111206,1.2321990728378296,0.8528011441230774,0.25653761625289917,0.7148841023445129,0.18525107204914093,0.16228289902210236,1.706761360168457,0,Southeastern Asia
Georgia,5.109099864959717,0.05585043877363205,5.21856689453125,4.999632835388184,9.646263122558594,0.7161714434623718,64.95006561279297,0.7864701747894287,-0.2542763352394104,0.6488924622535706,1.777825117111206,1.477461338043213,0.9468309879302979,0.3656463027000427,0.5387157797813416,0.0,0.20069587230682373,1.5797457695007324,0,Central and Eastern Europe
Guinea,5.071700096130371,0.07192636281251907,5.21267557144165,4.930724620819092,7.880491733551025,0.6486329436302185,54.185394287109375,0.6587153673171997,0.12520068883895874,0.7869686484336853,1.777825117111206,0.8441724181175232,0.7762272357940674,0.07234486192464828,0.36870914697647095,0.20360732078552246,0.10179644078016281,2.7048754692077637,0,Sub-Saharan Africa
Ukraine,5.071400165557861,0.058808937668800354,5.1866655349731445,4.956134796142578,9.313715934753418,0.8775262236595154,64.5501708984375,0.7954239845275879,0.24031107127666473,0.9067386388778687,1.777825117111206,1.3581942319869995,1.354416847229004,0.35475051403045654,0.5506308674812317,0.2653694748878479,0.01600913517177105,1.1720647811889648,0,Central and Eastern Europe
Ivory Coast,5.052700042724609,0.07434406876564026,5.198414325714111,4.906985759735107,8.576385498046875,0.5723483562469482,55.95271301269531,0.7326547503471375,0.0028205241542309523,0.7458509802818298,1.777825117111206,1.0937527418136597,0.5835306644439697,0.1204984113574028,0.46710219979286194,0.13794459402561188,0.13124768435955048,2.5186095237731934,0,Sub-Saharan Africa
Gabon,5.0346999168396,0.07157944142818451,5.174995422363281,4.894404411315918,9.537482261657715,0.7455086708068848,58.25178909301758,0.6417741179466248,-0.18701210618019104,0.7863147854804993,1.777825117111206,1.4384474754333496,1.020937442779541,0.1831405758857727,0.3461649715900421,0.0360904298722744,0.10226478427648544,1.9076285362243652,0,Sub-Saharan Africa
Nigeria,4.980599880218506,0.07950956374406815,5.136438846588135,4.824760913848877,8.49583911895752,0.739812433719635,54.89082717895508,0.7184043526649475,0.07284920662641525,0.9111672043800354,1.777825117111206,1.064864993095398,1.0065486431121826,0.0915655568242073,0.4481388330459595,0.17551828920841217,0.01283709891140461,2.1811468601226807,0,Sub-Saharan Africa
Cameroon,4.973199844360352,0.07101193815469742,5.1123833656311035,4.8340163230896,8.21674919128418,0.6862311959266663,55.847137451171875,0.6862788796424866,0.014762576669454575,0.8463644981384277,1.777825117111206,0.9647701978683472,0.8712012767791748,0.11762183159589767,0.40538862347602844,0.14435206353664398,0.05925314873456955,2.410613536834717,0,Sub-Saharan Africa
Mozambique,4.953999996185303,0.11562078446149826,5.180616855621338,4.727383136749268,7.116300582885742,0.6918163299560547,51.53021240234375,0.8514707088470459,0.046691328287124634,0.6604602932929993,1.777825117111206,0.5700973868370056,0.8853094577789307,0.0,0.6252136826515198,0.16148334741592407,0.19241021573543549,2.5194859504699707,0,Sub-Saharan Africa
Iraq,4.940899848937988,0.08053870499134064,5.098755836486816,4.78304386138916,9.098432540893555,0.7184528112411499,63.41473388671875,0.6457712054252625,-0.005399684421718121,0.8762640357017517,1.777825117111206,1.2809834480285645,0.9525938034057617,0.32381361722946167,0.3514840006828308,0.13353405892848969,0.03783709183335304,1.8606204986572266,0,Middle East and Northern Africa
State of Palestine,4.907800197601318,0.09227835386991501,5.088665962219238,4.726934432983398,8.716377258300781,0.8594945073127747,,0.6944997906684875,-0.13236990571022034,0.8357949256896973,1.777825117111206,1.1439604759216309,1.3088682889938354,,0.41632840037345886,0.06540855020284653,0.06682378798723221,,0,
Morocco,4.9028000831604,0.061306267976760864,5.022960186004639,4.782639980316162,8.973066329956055,0.5531101226806641,63.90077590942383,0.7872825860977173,-0.23078373074531555,0.8108253479003906,1.777825117111206,1.2360212802886963,0.5349344611167908,0.3370566666126251,0.5397968888282776,0.012604890391230583,0.08470867574214935,2.157698631286621,0,Middle East and Northern Africa
Iran,4.876299858093262,0.05307140573859215,4.980319976806641,4.772279739379883,9.610322952270508,0.777547299861908,66.59994506835938,0.592562198638916,0.17293280363082886,0.7470312714576721,1.777825117111206,1.4645715951919556,1.1018677949905396,0.41060003638267517,0.2806774079799652,0.22921785712242126,0.13040226697921753,1.258958101272583,0,Middle East and Northern Africa
Senegal,4.855100154876709,0.06514354795217514,4.982781410217285,4.727418899536133,8.15528678894043,0.6292861104011536,59.998931884765625,0.7716072201728821,0.010772932320833206,0.8458921313285828,1.777825117111206,0.9427269101142883,0.7273567318916321,0.230744406580925,0.5189372897148132,0.1422114372253418,0.05959148705005646,2.233576774597168,0,Sub-Saharan Africa
Mauritania,4.723899841308594,0.14653846621513367,5.011115074157715,4.436684608459473,8.590913772583008,0.6438930630683899,60.474998474121094,0.6222173571586609,-0.012799613177776337,0.6573241949081421,1.777825117111206,1.0989632606506348,0.7642542123794556,0.24371562898159027,0.3201403021812439,0.12956364452838898,0.19465650618076324,1.9725751876831055,0,Sub-Saharan Africa
Burkina Faso,4.637599945068359,0.09261635690927505,4.819128036499023,4.456071853637695,7.666715621948242,0.6634751558303833,55.461307525634766,0.696463406085968,0.09536733478307724,0.7713660597801208,1.777825117111206,0.7675022482872009,0.8137190341949463,0.10710924863815308,0.4189414381980896,0.18760032951831818,0.11297206580638885,2.229743242263794,0,Sub-Saharan Africa
Namibia,4.630799770355225,0.06887710839509964,4.765799045562744,4.495800495147705,9.120738983154297,0.7869246602058411,56.8513298034668,0.6694822311401367,-0.12557707726955414,0.8303823471069336,1.777825117111206,1.2889835834503174,1.125555157661438,0.1449827253818512,0.38303688168525696,0.06905322521924973,0.07070063799619675,1.5485124588012695,0,Sub-Saharan Africa
Turkiye,4.613500118255615,0.08330599963665009,4.776779651641846,4.450220584869385,10.30681324005127,0.7957817316055298,68.6626968383789,0.4753239154815674,-0.07701713591814041,0.7948973774909973,1.777825117111206,1.714365839958191,1.1479283571243286,0.4668031334877014,0.12466537207365036,0.09510792791843414,0.09611735492944717,0.9685473442077637,0,
Ghana,4.605000019073486,0.06324074417352676,4.728951930999756,4.481048107147217,8.595744132995605,0.6406720876693726,58.76277542114258,0.7769143581390381,0.13925385475158691,0.8805339336395264,1.777825117111206,1.1006957292556763,0.7561179399490356,0.19706325232982635,0.5259996056556702,0.2111475020647049,0.03477870300412178,1.7792224884033203,0,Sub-Saharan Africa
Pakistan,4.5553998947143555,0.07739966362714767,4.707103252410889,4.403696537017822,8.54032039642334,0.6013326644897461,57.3125,0.7656802535057068,0.007815486751496792,0.7866216897964478,1.777825117111206,1.0808181762695312,0.6567456722259521,0.15754808485507965,0.5110501050949097,0.14062462747097015,0.1020449548959732,1.9065701961517334,1,Southern Asia
Niger,4.501299858093262,0.1075107678771019,4.7120208740234375,4.290578842163086,7.0909833908081055,0.5900665521621704,56.54999923706055,0.7877514958381653,0.03229398652911186,0.733547568321228,1.777825117111206,0.5610174536705017,0.6282872557640076,0.13677246868610382,0.5404208898544312,0.1537584811449051,0.1400602012872696,2.3410146236419678,0,Sub-Saharan Africa
Tunisia,4.496699810028076,0.05314270406961441,4.600859642028809,4.392539978027344,9.24356746673584,0.7297623753547668,67.00008392333984,0.5764917731285095,-0.21260371804237366,0.9067373871803284,1.777825117111206,1.3330357074737549,0.9811620116233826,0.4215024709701538,0.2592920660972595,0.022359324619174004,0.01601003110408783,1.4633100032806396,0,Middle East and Northern Africa
Kenya,4.486599922180176,0.0662471279501915,4.616444110870361,4.35675573348999,8.458258628845215,0.6900045871734619,58.49850845336914,0.6955903768539429,0.28811517357826233,0.8524206876754761,1.777825117111206,1.0513869524002075,0.8807329535484314,0.18986286222934723,0.41777968406677246,0.29101863503456116,0.05491529777646065,1.6008830070495605,0,Sub-Saharan Africa
Sri Lanka,4.4415998458862305,0.0825917050242424,4.603479385375977,4.279720306396484,9.491007804870605,0.8259633183479309,67.14990234375,0.7865561246871948,-0.029988300055265427,0.8084906339645386,1.777825117111206,1.4217795133590698,1.2241677045822144,0.4255845248699188,0.5388301610946655,0.12034110724925995,0.08638095110654831,0.6245477199554443,1,Southern Asia
Uganda,4.432499885559082,0.08882348984479904,4.606594085693359,4.258405685424805,7.715771675109863,0.7940431237220764,58.91272735595703,0.7012752890586853,0.11373607814311981,0.8572147488594055,1.777825117111206,0.7850960493087769,1.1435365676879883,0.20114894211292267,0.4253447353839874,0.19745603203773499,0.051481470465660095,1.628458023071289,0,Sub-Saharan Africa
Chad,4.396599769592285,0.12060939520597458,4.632994174957275,4.160205364227295,7.261128902435303,0.7220418453216553,53.125,0.6767348647117615,0.22116167843341827,0.8067120909690857,1.777825117111206,0.6220396757125854,0.9616597890853882,0.04345265030860901,0.39268815517425537,0.2550949156284332,0.08765486627817154,2.0340559482574463,0,Sub-Saharan Africa
Cambodia,4.393499851226807,0.058613840490579605,4.508382797241211,4.278616905212402,8.384782791137695,0.7465294599533081,61.89963150024414,0.9584201574325562,0.07331392914056778,0.8572046160697937,1.777825117111206,1.02503502368927,1.023516058921814,0.28253212571144104,0.767534077167511,0.17576763033866882,0.0514887273311615,1.0675981044769287,0,Southeastern Asia
Benin,4.373700141906738,0.06625523418188095,4.503560543060303,4.243839740753174,8.103285789489746,0.43707209825515747,56.09510040283203,0.7433569431304932,-0.04252257198095322,0.5756282806396484,1.777825117111206,0.9240769147872925,0.241819828748703,0.12437799572944641,0.4813438951969147,0.11361587792634964,0.2531726062297821,2.235269069671631,0,Sub-Saharan Africa
Myanmar,4.372499942779541,0.08181599527597427,4.5328593254089355,4.2121405601501465,8.403970718383789,0.7867182493209839,61.38812255859375,0.7271373271942139,0.4913972020149231,0.6584481000900269,1.777825117111206,1.0319167375564575,1.1250338554382324,0.26859521865844727,0.45976001024246216,0.4000890254974365,0.19385148584842682,0.8932301998138428,0,Southeastern Asia
Bangladesh,4.282100200653076,0.06841646134853363,4.416196346282959,4.148004055023193,8.684880256652832,0.5444689989089966,64.54842376708984,0.8450080156326294,0.005050376523286104,0.6981850862503052,1.777825117111206,1.1326640844345093,0.5131068229675293,0.354702889919281,0.6166136264801025,0.1391410231590271,0.16538919508457184,1.3605048656463623,1,Southern Asia
Gambia,4.279399871826172,0.10451458394527435,4.484248638153076,4.074551105499268,7.6478166580200195,0.5842756032943726,57.900001525878906,0.5964681506156921,0.3642035126686096,0.8826649188995361,1.777825117111206,0.7607241868972778,0.613659143447876,0.17355553805828094,0.285875141620636,0.33184361457824707,0.033252350986003876,2.080531358718872,0,
Mali,4.197800159454346,0.06191443279385567,4.319152355194092,4.0764479637146,7.655168056488037,0.5934811234474182,55.40291976928711,0.7128318548202515,-0.028211304917931557,0.8460237383842468,1.777825117111206,0.7633607387542725,0.6369125247001648,0.10551837831735611,0.44072335958480835,0.1212945505976677,0.05949722230434418,2.0704944133758545,0,Sub-Saharan Africa
Egypt,4.170499801635742,0.05929311364889145,4.28671407699585,4.054285526275635,9.366826057434082,0.726098895072937,63.50303649902344,0.732426106929779,-0.18290594220161438,0.5802462100982666,1.777825117111206,1.377242088317871,0.9719079732894897,0.3262195885181427,0.46679794788360596,0.03829358145594597,0.24986493587493896,0.7401983737945557,0,Middle East and Northern Africa
Togo,4.137400150299072,0.07714840769767761,4.288610935211182,3.986189365386963,7.673266410827637,0.5953555107116699,57.44898223876953,0.6574302911758423,0.024008233100175858,0.7398090958595276,1.777825117111206,0.7698516249656677,0.6416472792625427,0.1612667590379715,0.3669990599155426,0.1493128091096878,0.1355752795934677,1.9126982688903809,0,Sub-Saharan Africa
Jordan,4.119800090789795,0.06246855482459068,4.242238521575928,3.997361660003662,9.13038158416748,0.7292184233665466,67.5999984741211,0.7701277136802673,-0.1498849242925644,0.6872015595436096,1.777825117111206,1.292441964149475,0.9797879457473755,0.43784815073013306,0.5169684290885925,0.05601091682910919,0.17325633764266968,0.6634490489959717,0,Middle East and Northern Africa
Ethiopia,4.09060001373291,0.09295278042554855,4.272787570953369,3.908412456512451,7.738730430603027,0.7824801206588745,60.69827651977539,0.7202762365341187,0.2733151912689209,0.7886511087417603,1.777825117111206,0.7933301329612732,1.114328145980835,0.2497992068529129,0.4506298005580902,0.28307774662971497,0.10059135407209396,1.0988726615905762,0,Sub-Saharan Africa
Liberia,4.042300224304199,0.1442645788192749,4.325058937072754,3.7595417499542236,7.27675199508667,0.5963802337646484,56.70000076293945,0.7352649569511414,0.1543213427066803,0.8300513029098511,1.777825117111206,0.6276428699493408,0.6442357301712036,0.14085951447486877,0.4705756604671478,0.21923191845417023,0.07093775272369385,1.868776798248291,0,Sub-Saharan Africa
India,4.035799980163574,0.028552265837788582,4.091762542724609,3.979837656021118,8.758988380432129,0.6082374453544617,60.77688217163086,0.896719217300415,0.07174995541572571,0.7735828757286072,1.777825117111206,1.1592427492141724,0.6741873025894165,0.2519409656524658,0.6854270696640015,0.1749284863471985,0.11138423532247543,0.9786405563354492,1,Southern Asia
Madagascar,4.019100189208984,0.09202342480421066,4.199466228485107,3.8387343883514404,7.290209770202637,0.6498976349830627,58.04999923706055,0.5218921303749084,0.07543767988681793,0.7418231964111328,1.777825117111206,0.6324694752693176,0.779421865940094,0.17764247953891754,0.18663491308689117,0.17690710723400116,0.13413265347480774,1.9319255352020264,0,Sub-Saharan Africa
Zambia,3.9821999073028564,0.0943964347243309,4.167216777801514,3.79718279838562,8.073851585388184,0.6935360431671143,55.03213882446289,0.7908714413642883,0.0983889028429985,0.8175567388534546,1.777825117111206,0.9135203957557678,0.8896535038948059,0.09541583061218262,0.544572651386261,0.18922153115272522,0.07988719642162323,1.2699575424194336,0,Sub-Saharan Africa
Tanzania,3.6937999725341797,0.07478664815425873,3.8403818607330322,3.547218084335327,7.857411861419678,0.652874767780304,59.401485443115234,0.8379266262054443,0.18199002742767334,0.5538731813430786,1.777825117111206,0.8358948826789856,0.786942183971405,0.21446597576141357,0.6071901917457581,0.23407748341560364,0.26875507831573486,0.7465043067932129,0,Sub-Saharan Africa
Comoros,3.5452001094818115,0.11659859120845795,3.773733377456665,3.316666841506958,8.074591636657715,0.47072526812553406,59.42499923706055,0.46987229585647583,-0.014281230978667736,0.7269982695579529,1.777825117111206,0.9137858152389526,0.3268284797668457,0.21510665118694305,0.11741076409816742,0.1287686973810196,0.14475125074386597,1.6985520124435425,0,Sub-Saharan Africa
Malawi,3.4951999187469482,0.08955958485603333,3.670736789703369,3.3196630477905273,7.301522731781006,0.5307964086532593,58.475345611572266,0.7500357627868652,0.005193292163312435,0.748948872089386,1.777825117111206,0.6365268230438232,0.47856953740119934,0.1892317533493042,0.49023157358169556,0.13921768963336945,0.12902875244617462,1.4324421882629395,0,Sub-Saharan Africa
Botswana,3.43530011177063,0.13614638149738312,3.7021470069885254,3.1684532165527344,9.629345893859863,0.753311276435852,54.724998474121094,0.7422487139701843,-0.21462056040763855,0.830392062664032,1.777825117111206,1.4713940620422363,1.040647029876709,0.087047278881073,0.47986912727355957,0.02127719298005104,0.07069367915391922,0.2643465995788574,0,Sub-Saharan Africa
Congo (Kinshasa),3.207200050354004,0.0953691154718399,3.3941235542297363,3.0202765464782715,7.00667142868042,0.6516097784042358,55.375,0.6637976765632629,0.08599790185689926,0.833751916885376,1.777825117111206,0.530779242515564,0.7837467789649963,0.10475765913724899,0.3754723072052002,0.18257318437099457,0.06828712671995163,1.1615803241729736,0,Sub-Saharan Africa
Zimbabwe,3.2035000324249268,0.060864582657814026,3.3227946758270264,3.084205389022827,7.640997886657715,0.6899175047874451,54.049888610839844,0.6540554761886597,-0.04623023048043251,0.7655823230743408,1.777825117111206,0.7582786083221436,0.8805129528045654,0.06865278631448746,0.362508088350296,0.11162655055522919,0.11711476743221283,0.9048557281494141,0,Sub-Saharan Africa
Sierra Leone,3.1375999450683594,0.08244085311889648,3.2991840839385986,2.97601580619812,7.394014358520508,0.5552510619163513,54.89985275268555,0.6603673100471497,0.10492908954620361,0.8577796816825867,1.777825117111206,0.6696986556053162,0.5403425097465515,0.09181147813796997,0.37090742588043213,0.19273065030574799,0.051076825708150864,1.2210063934326172,0,Sub-Saharan Africa
Lebanon,2.392199993133545,0.04449516907334328,2.479410409927368,2.3049895763397217,9.477677345275879,0.5297536849975586,66.14881896972656,0.47390028834342957,-0.14091499149799347,0.8911038637161255,1.777825117111206,1.4169986248016357,0.47593557834625244,0.39830833673477173,0.12277092039585114,0.0608237087726593,0.027207810431718826,-0.10979843139648438,0,Middle East and Northern Africa
Afghanistan,1.8589999675750732,0.03250628709793091,1.9227123260498047,1.7952876091003418,7.324032306671143,0.3413406312465668,54.71240997314453,0.381641685962677,-0.08101112395524979,0.8472148180007935,1.777825117111206,0.6445997953414917,0.0,0.08670428395271301,0.0,0.09296496212482452,0.058644093573093414,0.976064920425415,1,Southern Asia
